Protein,Start,End,Sequence,Modification,Fragment,MaxUptake,MHP,State,Exposure,File,z,RT,Inten,Center
protein1,4,10,PKEKYYL,,,5,829.023,Bound,0,test,1,8.9,171000,829.023
protein1,4,10,PKEKYYL,,,5,828.973,Bound,0,test,1,8.9,220000,828.973
protein1,4,10,PKEKYYL,,,5,828.993,Bound,0,test,1,8.9,217000,828.993
protein1,4,10,PKEKYYL,,,5,828.976,Bound,0,test,1,8.9,213000,828.976
protein1,4,10,PKEKYYL,,,5,829.006,Bound,0,test,1,8.9,91300,829.006
protein1,19,32,VRFYYTLIPMWVTT,,,12,820.389,Bound,0,test,2,7.65,574000,820.389
protein1,19,32,VRFYYTLIPMWVTT,,,12,820.398,Bound,0,test,2,7.65,736000,820.398
protein1,19,32,VRFYYTLIPMWVTT,,,12,820.39,Bound,0,test,2,7.65,508000,820.39
protein1,19,32,VRFYYTLIPMWVTT,,,12,820.411,Bound,0,test,2,7.65,857000,820.411
protein1,19,32,VRFYYTLIPMWVTT,,,12,820.413,Bound,0,test,2,7.65,726000,820.413
protein2,24,32,KWWRFDCVL,,,8,534.113,Bound,0,test,2,3.51,354000,534.113
protein2,24,32,KWWRFDCVL,,,8,534.136,Bound,0,test,2,3.51,102000,534.136
protein2,24,32,KWWRFDCVL,,,8,534.116,Bound,0,test,2,3.51,207000,534.116
protein2,24,32,KWWRFDCVL,,,8,534.134,Bound,0,test,2,3.51,79300,534.134
protein2,24,32,KWWRFDCVL,,,8,534.131,Bound,0,test,2,3.51,13000,534.131
protein2,34,42,VELLIMTRF,,,8,389.078,Bound,0,test,3,7.69,147000,389.078
protein2,34,42,VELLIMTRF,,,8,389.083,Bound,0,test,3,7.69,145000,389.083
protein2,34,42,VELLIMTRF,,,8,389.104,Bound,0,test,3,7.69,126000,389.104
protein2,34,42,VELLIMTRF,,,8,389.11,Bound,0,test,3,7.69,69100,389.11
protein2,34,42,VELLIMTRF,,,8,389.107,Bound,0,test,3,7.69,73800,389.107
protein1,36,41,FFPQGF,,,4,756.72,Bound,0,test,1,7.16,773000,756.72
protein1,36,41,FFPQGF,,,4,756.67,Bound,0,test,1,7.16,626000,756.67
protein1,36,41,FFPQGF,,,4,756.707,Bound,0,test,1,7.16,1030000,756.707
protein1,36,41,FFPQGF,,,4,756.675,Bound,0,test,1,7.16,604000,756.675
protein1,36,41,FFPQGF,,,4,756.728,Bound,0,test,1,7.16,706000,756.728
protein1,4,10,PKEKYYL,,,5,828.995,Bound,120,test,1,8.9,48300,833.099
protein1,4,10,PKEKYYL,,,5,828.994,Bound,120,test,1,8.9,38900,833.035
protein1,4,10,PKEKYYL,,,5,828.995,Bound,120,test,1,8.9,46900,833.079
protein1,19,32,VRFYYTLIPMWVTT,,,12,817.786,Bound,120,test,2,7.65,83900,823.015
protein1,19,32,VRFYYTLIPMWVTT,,,12,817.806,Bound,120,test,2,7.65,110000,822.994
protein1,19,32,VRFYYTLIPMWVTT,,,12,817.799,Bound,120,test,2,7.65,95100,823.001
protein2,24,32,KWWRFDCVL,,,8,533.466,Bound,120,test,2,3.51,94400,534.785
protein2,24,32,KWWRFDCVL,,,8,533.454,Bound,120,test,2,3.51,94200,534.797
protein2,24,32,KWWRFDCVL,,,8,533.44,Bound,120,test,2,3.51,153000,534.812
protein2,34,42,VELLIMTRF,,,8,387.75,Bound,120,test,3,7.69,18100,389.77
protein2,34,42,VELLIMTRF,,,8,387.739,Bound,120,test,3,7.69,26800,389.775
protein2,34,42,VELLIMTRF,,,8,387.698,Bound,120,test,3,7.69,24300,389.796
protein1,36,41,FFPQGF,,,4,756.7,Bound,120,test,1,7.16,104000,757.968
protein1,36,41,FFPQGF,,,4,756.7,Bound,120,test,1,7.16,112000,757.948
protein1,36,41,FFPQGF,,,4,756.7,Bound,120,test,1,7.16,113000,757.984
protein1,4,10,PKEKYYL,,,5,828.994,Bound,15,test,1,8.9,47400,833.048
protein1,4,10,PKEKYYL,,,5,828.994,Bound,15,test,1,8.9,30000,833.099
protein1,4,10,PKEKYYL,,,5,828.995,Bound,15,test,1,8.9,25300,833.092
protein1,19,32,VRFYYTLIPMWVTT,,,12,818.554,Bound,15,test,2,7.65,147000,822.246
protein1,19,32,VRFYYTLIPMWVTT,,,12,818.528,Bound,15,test,2,7.65,86000,822.272
protein1,19,32,VRFYYTLIPMWVTT,,,12,818.504,Bound,15,test,2,7.65,78700,822.297
protein2,24,32,KWWRFDCVL,,,8,533.573,Bound,15,test,2,3.51,194000,534.679
protein2,24,32,KWWRFDCVL,,,8,533.524,Bound,15,test,2,3.51,141000,534.727
protein2,24,32,KWWRFDCVL,,,8,533.558,Bound,15,test,2,3.51,128000,534.693
protein2,34,42,VELLIMTRF,,,8,387.801,Bound,15,test,3,7.69,25000,389.744
protein2,34,42,VELLIMTRF,,,8,387.809,Bound,15,test,3,7.69,31200,389.74
protein2,34,42,VELLIMTRF,,,8,387.849,Bound,15,test,3,7.69,16900,389.72
protein1,36,41,FFPQGF,,,4,756.7,Bound,15,test,1,7.16,123000,757.424
protein1,36,41,FFPQGF,,,4,756.7,Bound,15,test,1,7.16,87800,757.444
protein1,36,41,FFPQGF,,,4,756.7,Bound,15,test,1,7.16,94600,757.466
protein1,4,10,PKEKYYL,,,5,828.994,Bound,1800,test,1,8.9,79400,832.607
protein1,19,32,VRFYYTLIPMWVTT,,,12,817.269,Bound,1800,test,2,7.65,366000,823.531
protein2,24,32,KWWRFDCVL,,,8,533.325,Bound,1800,test,2,3.51,131000,534.928
protein2,34,42,VELLIMTRF,,,8,387.46,Bound,1800,test,3,7.69,46100,389.914
protein1,36,41,FFPQGF,,,4,756.7,Bound,1800,test,1,7.16,349000,758.331
protein1,4,10,PKEKYYL,,,5,828.994,Bound,7200,test,1,8.9,79400,832.607
protein1,19,32,VRFYYTLIPMWVTT,,,12,817.269,Bound,7200,test,2,7.65,366000,823.531
protein2,24,32,KWWRFDCVL,,,8,533.325,Bound,7200,test,2,3.51,131000,534.928
protein2,34,42,VELLIMTRF,,,8,387.46,Bound,7200,test,3,7.69,46100,389.914
protein1,36,41,FFPQGF,,,4,756.7,Bound,7200,test,1,7.16,349000,758.331
protein1,4,10,PKEKYYL,,,5,828.994,Bound,5,test,1,8.9,80000,832.935
protein1,4,10,PKEKYYL,,,5,828.994,Bound,5,test,1,8.9,78900,832.945
protein1,4,10,PKEKYYL,,,5,828.994,Bound,5,test,1,8.9,81200,832.946
protein1,19,32,VRFYYTLIPMWVTT,,,12,818.871,Bound,5,test,2,7.65,528000,821.93
protein1,19,32,VRFYYTLIPMWVTT,,,12,818.905,Bound,5,test,2,7.65,453000,821.895
protein1,19,32,VRFYYTLIPMWVTT,,,12,818.875,Bound,5,test,2,7.65,529000,821.925
protein2,24,32,KWWRFDCVL,,,8,533.673,Bound,5,test,2,3.51,618000,534.579
protein2,24,32,KWWRFDCVL,,,8,533.758,Bound,5,test,2,3.51,284000,534.494
protein2,24,32,KWWRFDCVL,,,8,533.674,Bound,5,test,2,3.51,587000,534.577
protein2,34,42,VELLIMTRF,,,8,387.992,Bound,5,test,3,7.69,45600,389.649
protein2,34,42,VELLIMTRF,,,8,388.019,Bound,5,test,3,7.69,36100,389.635
protein2,34,42,VELLIMTRF,,,8,387.937,Bound,5,test,3,7.69,38300,389.676
protein1,36,41,FFPQGF,,,4,756.7,Bound,5,test,1,7.16,570000,757.105
protein1,36,41,FFPQGF,,,4,756.7,Bound,5,test,1,7.16,340000,757.127
protein1,36,41,FFPQGF,,,4,756.7,Bound,5,test,1,7.16,330000,757.19
protein1,4,10,PKEKYYL,,,5,829.004,Unbound,0,test,1,8.9,191000,829.004
protein1,4,10,PKEKYYL,,,5,829.008,Unbound,0,test,1,8.9,195000,829.008
protein1,4,10,PKEKYYL,,,5,829.008,Unbound,0,test,1,8.9,81400,829.008
protein1,4,10,PKEKYYL,,,5,829.031,Unbound,0,test,1,8.9,81400,829.031
protein1,4,10,PKEKYYL,,,5,829.028,Unbound,0,test,1,8.9,193000,829.028
protein1,4,10,PKEKYYL,,,5,829.016,Unbound,5,test,1,8.9,90700,832.962
protein1,4,10,PKEKYYL,,,5,829.016,Unbound,5,test,1,8.9,70600,832.995
protein1,4,10,PKEKYYL,,,5,829.016,Unbound,5,test,1,8.9,102000,833.024
protein1,4,10,PKEKYYL,,,5,829.016,Unbound,15,test,1,8.9,23700,833.242
protein1,4,10,PKEKYYL,,,5,829.015,Unbound,15,test,1,8.9,33100,833.165
protein1,4,10,PKEKYYL,,,5,829.015,Unbound,15,test,1,8.9,31000,833.173
protein1,4,10,PKEKYYL,,,5,829.016,Unbound,120,test,1,8.9,50200,833.118
protein1,4,10,PKEKYYL,,,5,829.016,Unbound,120,test,1,8.9,46600,833.135
protein1,4,10,PKEKYYL,,,5,829.015,Unbound,120,test,1,8.9,41700,833.113
protein1,4,10,PKEKYYL,,,5,829.015,Unbound,1800,test,1,8.9,68800,832.622
protein1,4,10,PKEKYYL,,,5,829.016,Unbound,1800,test,1,8.9,78500,832.765
protein1,4,10,PKEKYYL,,,5,829.016,Unbound,1800,test,1,8.9,72000,832.624
protein1,4,10,PKEKYYL,,,5,829.016,Unbound,7200,test,1,8.9,71000,832.779
protein1,4,10,PKEKYYL,,,5,829.016,Unbound,7200,test,1,8.9,77400,832.542
protein1,4,10,PKEKYYL,,,5,829.016,Unbound,7200,test,1,8.9,66300,832.748
protein1,19,32,VRFYYTLIPMWVTT,,,12,820.399,Unbound,0,test,2,7.65,916000,820.399
protein1,19,32,VRFYYTLIPMWVTT,,,12,820.42,Unbound,0,test,2,7.65,904000,820.42
protein1,19,32,VRFYYTLIPMWVTT,,,12,820.412,Unbound,0,test,2,7.65,845000,820.412
protein1,19,32,VRFYYTLIPMWVTT,,,12,820.421,Unbound,0,test,2,7.65,822000,820.421
protein1,19,32,VRFYYTLIPMWVTT,,,12,820.406,Unbound,0,test,2,7.65,923000,820.406
protein1,19,32,VRFYYTLIPMWVTT,,,12,818.863,Unbound,5,test,2,7.65,740000,821.961
protein1,19,32,VRFYYTLIPMWVTT,,,12,818.852,Unbound,5,test,2,7.65,635000,821.971
protein1,19,32,VRFYYTLIPMWVTT,,,12,818.86,Unbound,5,test,2,7.65,556000,821.964
protein1,19,32,VRFYYTLIPMWVTT,,,12,818.44,Unbound,15,test,2,7.65,78000,822.382
protein1,19,32,VRFYYTLIPMWVTT,,,12,818.495,Unbound,15,test,2,7.65,105000,822.329
protein1,19,32,VRFYYTLIPMWVTT,,,12,818.465,Unbound,15,test,2,7.65,96000,822.358
protein1,19,32,VRFYYTLIPMWVTT,,,12,817.742,Unbound,120,test,2,7.65,161000,823.08
protein1,19,32,VRFYYTLIPMWVTT,,,12,817.704,Unbound,120,test,2,7.65,122000,823.119
protein1,19,32,VRFYYTLIPMWVTT,,,12,817.737,Unbound,120,test,2,7.65,137000,823.085
protein1,19,32,VRFYYTLIPMWVTT,,,12,817.252,Unbound,1800,test,2,7.65,309000,823.571
protein1,19,32,VRFYYTLIPMWVTT,,,12,817.183,Unbound,1800,test,2,7.65,420000,823.64
protein1,19,32,VRFYYTLIPMWVTT,,,12,817.243,Unbound,1800,test,2,7.65,378000,823.58
protein1,19,32,VRFYYTLIPMWVTT,,,12,817.169,Unbound,7200,test,2,7.65,321000,823.655
protein1,19,32,VRFYYTLIPMWVTT,,,12,817.268,Unbound,7200,test,2,7.65,255000,823.555
protein1,19,32,VRFYYTLIPMWVTT,,,12,817.181,Unbound,7200,test,2,7.65,201000,823.643
protein2,24,32,KWWRFDCVL,,,8,534.122,Unbound,0,test,2,3.51,1300000,534.122
protein2,24,32,KWWRFDCVL,,,8,534.135,Unbound,0,test,2,3.51,1220000,534.135
protein2,24,32,KWWRFDCVL,,,8,534.121,Unbound,0,test,2,3.51,912000,534.121
protein2,24,32,KWWRFDCVL,,,8,534.114,Unbound,0,test,2,3.51,1200000,534.114
protein2,24,32,KWWRFDCVL,,,8,534.125,Unbound,0,test,2,3.51,1170000,534.125
protein2,24,32,KWWRFDCVL,,,8,533.644,Unbound,5,test,2,3.51,868000,534.603
protein2,24,32,KWWRFDCVL,,,8,533.643,Unbound,5,test,2,3.51,974000,534.603
protein2,24,32,KWWRFDCVL,,,8,533.647,Unbound,5,test,2,3.51,954000,534.599
protein2,24,32,KWWRFDCVL,,,8,533.511,Unbound,15,test,2,3.51,153000,534.736
protein2,24,32,KWWRFDCVL,,,8,533.574,Unbound,15,test,2,3.51,258000,534.674
protein2,24,32,KWWRFDCVL,,,8,533.546,Unbound,15,test,2,3.51,187000,534.7
protein2,24,32,KWWRFDCVL,,,8,533.484,Unbound,120,test,2,3.51,271000,534.763
protein2,24,32,KWWRFDCVL,,,8,533.4,Unbound,120,test,2,3.51,224000,534.846
protein2,24,32,KWWRFDCVL,,,8,533.425,Unbound,120,test,2,3.51,197000,534.821
protein2,24,32,KWWRFDCVL,,,8,533.313,Unbound,1800,test,2,3.51,354000,534.934
protein2,24,32,KWWRFDCVL,,,8,533.338,Unbound,1800,test,2,3.51,494000,534.909
protein2,24,32,KWWRFDCVL,,,8,533.299,Unbound,1800,test,2,3.51,336000,534.948
protein2,24,32,KWWRFDCVL,,,8,533.289,Unbound,7200,test,2,3.51,494000,534.957
protein2,24,32,KWWRFDCVL,,,8,533.303,Unbound,7200,test,2,3.51,444000,534.943
protein2,24,32,KWWRFDCVL,,,8,533.285,Unbound,7200,test,2,3.51,367000,534.962
protein2,34,42,VELLIMTRF,,,8,389.106,Unbound,0,test,3,7.69,125000,389.106
protein2,34,42,VELLIMTRF,,,8,389.066,Unbound,0,test,3,7.69,48700,389.066
protein2,34,42,VELLIMTRF,,,8,389.117,Unbound,0,test,3,7.69,78000,389.117
protein2,34,42,VELLIMTRF,,,8,389.139,Unbound,0,test,3,7.69,93300,389.139
protein2,34,42,VELLIMTRF,,,8,389.107,Unbound,0,test,3,7.69,108000,389.107
protein2,34,42,VELLIMTRF,,,8,388.021,Unbound,5,test,3,7.69,39900,389.65
protein2,34,42,VELLIMTRF,,,8,387.923,Unbound,5,test,3,7.69,59900,389.7
protein2,34,42,VELLIMTRF,,,8,387.943,Unbound,5,test,3,7.69,45200,389.69
protein2,34,42,VELLIMTRF,,,8,387.799,Unbound,15,test,3,7.69,22500,389.761
protein2,34,42,VELLIMTRF,,,8,387.77,Unbound,15,test,3,7.69,17700,389.776
protein2,34,42,VELLIMTRF,,,8,387.744,Unbound,15,test,3,7.69,24600,389.789
protein2,34,42,VELLIMTRF,,,8,387.748,Unbound,120,test,3,7.69,36400,389.786
protein2,34,42,VELLIMTRF,,,8,387.718,Unbound,120,test,3,7.69,16500,389.801
protein2,34,42,VELLIMTRF,,,8,387.692,Unbound,120,test,3,7.69,21700,389.815
protein2,34,42,VELLIMTRF,,,8,387.298,Unbound,1800,test,3,7.69,30000,390.012
protein2,34,42,VELLIMTRF,,,8,387.46,Unbound,1800,test,3,7.69,26400,389.931
protein2,34,42,VELLIMTRF,,,8,387.267,Unbound,1800,test,3,7.69,34700,390.027
protein2,34,42,VELLIMTRF,,,8,387.011,Unbound,7200,test,3,7.69,49700,390.155
protein2,34,42,VELLIMTRF,,,8,387.058,Unbound,7200,test,3,7.69,26500,390.131
protein2,34,42,VELLIMTRF,,,8,387.042,Unbound,7200,test,3,7.69,28200,390.14
protein1,36,41,FFPQGF,,,4,756.697,Unbound,0,test,1,7.16,798000,756.697
protein1,36,41,FFPQGF,,,4,756.68,Unbound,0,test,1,7.16,999000,756.68
protein1,36,41,FFPQGF,,,4,756.682,Unbound,0,test,1,7.16,737000,756.682
protein1,36,41,FFPQGF,,,4,756.68,Unbound,0,test,1,7.16,780000,756.68
protein1,36,41,FFPQGF,,,4,756.695,Unbound,0,test,1,7.16,886000,756.695
protein1,36,41,FFPQGF,,,4,756.687,Unbound,5,test,1,7.16,691000,757.154
protein1,36,41,FFPQGF,,,4,756.687,Unbound,5,test,1,7.16,585000,757.181
protein1,36,41,FFPQGF,,,4,756.687,Unbound,5,test,1,7.16,573000,757.173
protein1,36,41,FFPQGF,,,4,756.687,Unbound,15,test,1,7.16,74800,757.517
protein1,36,41,FFPQGF,,,4,756.687,Unbound,15,test,1,7.16,75200,757.511
protein1,36,41,FFPQGF,,,4,756.687,Unbound,15,test,1,7.16,106000,757.507
protein1,36,41,FFPQGF,,,4,756.687,Unbound,120,test,1,7.16,124000,758.035
protein1,36,41,FFPQGF,,,4,756.687,Unbound,120,test,1,7.16,122000,758.047
protein1,36,41,FFPQGF,,,4,756.687,Unbound,120,test,1,7.16,115000,758.077
protein1,36,41,FFPQGF,,,4,756.687,Unbound,1800,test,1,7.16,238000,758.349
protein1,36,41,FFPQGF,,,4,756.687,Unbound,1800,test,1,7.16,311000,758.342
protein1,36,41,FFPQGF,,,4,756.687,Unbound,1800,test,1,7.16,261000,758.337
protein1,36,41,FFPQGF,,,4,756.687,Unbound,7200,test,1,7.16,277000,758.383
protein1,36,41,FFPQGF,,,4,756.687,Unbound,7200,test,1,7.16,245000,758.328
protein1,36,41,FFPQGF,,,4,756.687,Unbound,7200,test,1,7.16,203000,758.374
