Protein State,Deut Time,Experiment,Protein,Start,End,Sequence,Adduct,Charge,Search RT,Actual RT,# Spectra,Search IMS,IMS Range,Peak Width,m/z Shift,Max Inty,Exp Cent,Exp Cent 2,L/R Ratio,Left %,Right %,Theor Cent,Theor Cent 2,Theor L/R,Theor Left %,Theor Right %,Score,Cent Diff,# Deut,Deut %,Cent Diff 2,# Deut 2,Deut % 2,Mark,Confidence
Bound,0s,test,protein1,4,10,PKEKYYL,H,1,8.9,8.85-8.96,6,128,125-134,0.059,0.006,1.71E+05,829.023,n/a,n/a,n/a,n/a,828.974,n/a,n/a,n/a,n/a,0.8776,n/a,n/a,,n/a,n/a,n/a,,High
Bound,0s,test,protein1,4,10,PKEKYYL,H,1,8.9,8.81-8.96,8,128,125-134,0.056,-0.004,2.20E+05,828.973,n/a,n/a,n/a,n/a,828.974,n/a,n/a,n/a,n/a,0.9041,n/a,n/a,,n/a,n/a,n/a,,High
Bound,0s,test,protein1,4,10,PKEKYYL,H,1,8.9,8.83-9.00,9,128,125-134,0.053,-0.005,2.17E+05,828.993,n/a,n/a,n/a,n/a,828.974,n/a,n/a,n/a,n/a,0.8945,n/a,n/a,,n/a,n/a,n/a,,High
Bound,0s,test,protein1,4,10,PKEKYYL,H,1,8.9,8.83-8.94,6,128,125-134,0.053,0.006,2.13E+05,828.976,n/a,n/a,n/a,n/a,828.974,n/a,n/a,n/a,n/a,0.9043,n/a,n/a,,n/a,n/a,n/a,,High
Bound,0s,test,protein1,4,10,PKEKYYL,H,1,8.9,8.88-8.96,5,128,125-134,0.058,0.003,9.13E+04,829.006,n/a,n/a,n/a,n/a,828.974,n/a,n/a,n/a,n/a,0.8992,n/a,n/a,,n/a,n/a,n/a,,High
Bound,0s,test,protein1,19,32,VRFYYTLIPMWVTT,H,2,7.65,7.57-7.72,8,78,75-80,0.057,0.005,5.74E+05,820.389,n/a,n/a,n/a,n/a,820.452,n/a,n/a,n/a,n/a,0.8965,n/a,n/a,,n/a,n/a,n/a,,High
Bound,0s,test,protein1,19,32,VRFYYTLIPMWVTT,H,2,7.65,7.55-7.66,6,78,77-82,0.05,-0.004,7.36E+05,820.398,n/a,n/a,n/a,n/a,820.452,n/a,n/a,n/a,n/a,0.8631,n/a,n/a,,n/a,n/a,n/a,,High
Bound,0s,test,protein1,19,32,VRFYYTLIPMWVTT,H,2,7.65,7.55-7.72,9,78,75-80,0.059,-0.004,5.08E+05,820.39,n/a,n/a,n/a,n/a,820.452,n/a,n/a,n/a,n/a,0.8911,n/a,n/a,,n/a,n/a,n/a,,High
Bound,0s,test,protein1,19,32,VRFYYTLIPMWVTT,H,2,7.65,7.57-7.72,8,78,77-82,0.053,0.005,8.57E+05,820.411,n/a,n/a,n/a,n/a,820.452,n/a,n/a,n/a,n/a,0.8809,n/a,n/a,,n/a,n/a,n/a,,High
Bound,0s,test,protein1,19,32,VRFYYTLIPMWVTT,H,2,7.65,7.57-7.72,8,78,77-82,0.051,0.004,7.26E+05,820.413,n/a,n/a,n/a,n/a,820.452,n/a,n/a,n/a,n/a,0.8737,n/a,n/a,,n/a,n/a,n/a,,High
Bound,0s,test,protein2,24,32,KWWRFDCVL,H,2,3.51,3.41-3.60,10,53,52-56,0.038,0.005,3.54E+05,534.113,n/a,n/a,n/a,n/a,534.114,n/a,n/a,n/a,n/a,0.8679,n/a,n/a,,n/a,n/a,n/a,,High
Bound,0s,test,protein2,24,32,KWWRFDCVL,H,2,3.51,3.46-3.64,10,53,52-56,0.041,-0.002,1.02E+05,534.136,n/a,n/a,n/a,n/a,534.114,n/a,n/a,n/a,n/a,0.8688,n/a,n/a,,n/a,n/a,n/a,,High
Bound,0s,test,protein2,24,32,KWWRFDCVL,H,2,3.51,3.52-3.71,10,53,52-56,0.041,-0.003,2.07E+05,534.116,n/a,n/a,n/a,n/a,534.114,n/a,n/a,n/a,n/a,0.905,n/a,n/a,,n/a,n/a,n/a,,High
Bound,0s,test,protein2,24,32,KWWRFDCVL,H,2,3.51,3.54-3.69,8,53,52-56,0.04,0.005,7.93E+04,534.134,n/a,n/a,n/a,n/a,534.114,n/a,n/a,n/a,n/a,0.8669,n/a,n/a,,n/a,n/a,n/a,,High
Bound,0s,test,protein2,24,32,KWWRFDCVL,H,2,3.51,3.48-3.52,3,53,52-56,0.041,0.002,1.30E+04,534.131,n/a,n/a,n/a,n/a,534.114,n/a,n/a,n/a,n/a,0.8728,n/a,n/a,,n/a,n/a,n/a,,Medium
Bound,0s,test,protein2,34,42,VELLIMTRF,H,3,7.69,7.60-7.70,6,42,41-45,0.031,0.003,1.47E+05,389.078,n/a,n/a,n/a,n/a,389.119,n/a,n/a,n/a,n/a,0.8212,n/a,n/a,,n/a,n/a,n/a,,Medium
Bound,0s,test,protein2,34,42,VELLIMTRF,H,3,7.69,7.60-7.68,5,42,41-45,0.03,-0.002,1.45E+05,389.083,n/a,n/a,n/a,n/a,389.119,n/a,n/a,n/a,n/a,0.8303,n/a,n/a,,n/a,n/a,n/a,,Medium
Bound,0s,test,protein2,34,42,VELLIMTRF,H,3,7.69,7.60-7.70,6,42,41-45,0.036,-0.004,1.26E+05,389.104,n/a,n/a,n/a,n/a,389.119,n/a,n/a,n/a,n/a,0.8322,n/a,n/a,,n/a,n/a,n/a,,Medium
Bound,0s,test,protein2,34,42,VELLIMTRF,H,3,7.69,7.66-7.70,3,42,41-45,0.034,0.002,6.91E+04,389.11,n/a,n/a,n/a,n/a,389.119,n/a,n/a,n/a,n/a,0.8283,n/a,n/a,,n/a,n/a,n/a,,Medium
Bound,0s,test,protein2,34,42,VELLIMTRF,H,3,7.69,7.62-7.66,3,42,39-44,0.04,0.002,7.38E+04,389.107,n/a,n/a,n/a,n/a,389.119,n/a,n/a,n/a,n/a,0.8659,n/a,n/a,,n/a,n/a,n/a,,High
Bound,0s,test,protein1,36,41,FFPQGF,H,1,7.16,7.05-7.16,6,106,103-111,0.052,0.006,7.73E+05,756.72,n/a,n/a,n/a,n/a,756.783,n/a,n/a,n/a,n/a,0.8737,n/a,n/a,,n/a,n/a,n/a,,High
Bound,0s,test,protein1,36,41,FFPQGF,H,1,7.16,7.07-7.16,5,106,103-108,0.055,-0.002,6.26E+05,756.67,n/a,n/a,n/a,n/a,756.783,n/a,n/a,n/a,n/a,0.8672,n/a,n/a,,n/a,n/a,n/a,,High
Bound,0s,test,protein1,36,41,FFPQGF,H,1,7.16,7.07-7.15,5,106,103-111,0.048,-0.004,1.03E+06,756.707,n/a,n/a,n/a,n/a,756.783,n/a,n/a,n/a,n/a,0.8716,n/a,n/a,,n/a,n/a,n/a,,High
Bound,0s,test,protein1,36,41,FFPQGF,H,1,7.16,7.05-7.13,5,106,103-108,0.056,0.005,6.04E+05,756.675,n/a,n/a,n/a,n/a,756.783,n/a,n/a,n/a,n/a,0.8618,n/a,n/a,,n/a,n/a,n/a,,High
Bound,0s,test,protein1,36,41,FFPQGF,H,1,7.16,7.07-7.18,6,106,103-111,0.051,0.001,7.06E+05,756.728,n/a,n/a,n/a,n/a,756.783,n/a,n/a,n/a,n/a,0.8888,n/a,n/a,,n/a,n/a,n/a,,High
Bound,120.00s,test,protein1,4,10,PKEKYYL,H,1,8.9,8.85-8.96,6,128,125-134,0.043,-0.002,4.83E+04,833.099,n/a,n/a,n/a,n/a,833.04,n/a,n/a,n/a,n/a,0.7354,4.104,4.104,82.089,n/a,n/a,n/a,,Medium
Bound,120.00s,test,protein1,4,10,PKEKYYL,H,1,8.9,8.85-9.00,8,128,125-134,0.056,-0.002,3.89E+04,833.035,n/a,n/a,n/a,n/a,832.809,n/a,n/a,n/a,n/a,0.8148,4.041,4.041,80.822,n/a,n/a,n/a,,Medium
Bound,120.00s,test,protein1,4,10,PKEKYYL,H,1,8.9,8.85-8.96,6,128,125-134,0.052,0,4.69E+04,833.079,n/a,n/a,n/a,n/a,832.924,n/a,n/a,n/a,n/a,0.7932,4.084,4.084,81.687,n/a,n/a,n/a,,Medium
Bound,120.00s,test,protein1,19,32,VRFYYTLIPMWVTT,H,2,7.65,7.59-7.78,10,78,77-82,0.052,-0.002,8.39E+04,823.015,n/a,n/a,n/a,n/a,823.036,n/a,n/a,n/a,n/a,0.9004,2.614,5.229,52.288,n/a,n/a,n/a,,High
Bound,120.00s,test,protein1,19,32,VRFYYTLIPMWVTT,H,2,7.65,7.60-7.78,10,78,77-82,0.056,-0.001,1.10E+05,822.994,n/a,n/a,n/a,n/a,823.006,n/a,n/a,n/a,n/a,0.8686,2.963,5.188,51.876,n/a,n/a,n/a,,High
Bound,120.00s,test,protein1,19,32,VRFYYTLIPMWVTT,H,2,7.65,7.57-7.76,10,78,77-82,0.058,-0.001,9.51E+04,823.001,n/a,n/a,n/a,n/a,823.041,n/a,n/a,n/a,n/a,0.878,2.601,5.202,52.02,n/a,n/a,n/a,,High
Bound,120.00s,test,protein2,24,32,KWWRFDCVL,H,2,3.51,3.20-3.41,11,53,52-56,0.035,-0.001,9.44E+04,534.785,n/a,n/a,n/a,n/a,534.776,n/a,n/a,n/a,n/a,0.8327,0.659,1.319,18.842,n/a,n/a,n/a,,Medium
Bound,120.00s,test,protein2,24,32,KWWRFDCVL,H,2,3.51,3.27-3.48,11,53,52-56,0.038,-0.001,9.42E+04,534.797,n/a,n/a,n/a,n/a,534.8,n/a,n/a,n/a,n/a,0.872,0.671,1.343,19.18,n/a,n/a,n/a,,High
Bound,120.00s,test,protein2,24,32,KWWRFDCVL,H,2,3.51,3.31-3.52,11,53,52-56,0.044,0,1.53E+05,534.812,n/a,n/a,n/a,n/a,534.806,n/a,n/a,n/a,n/a,0.8745,0.686,1.372,19.604,n/a,n/a,n/a,,High
Bound,120.00s,test,protein2,34,42,VELLIMTRF,H,3,7.69,7.70-7.74,3,42,41-45,0.035,-0.001,1.81E+04,389.77,n/a,n/a,n/a,n/a,389.748,n/a,n/a,n/a,n/a,0.7914,0.673,2.02,28.856,n/a,n/a,n/a,,Medium
Bound,120.00s,test,protein2,34,42,VELLIMTRF,H,3,7.69,7.68-7.74,4,42,41-45,0.037,-0.002,2.68E+04,389.775,n/a,n/a,n/a,n/a,389.753,n/a,n/a,n/a,n/a,0.7723,0.679,2.036,29.079,n/a,n/a,n/a,,Medium
Bound,120.00s,test,protein2,34,42,VELLIMTRF,H,3,7.69,7.68-7.76,5,42,41-45,0.035,-0.001,2.43E+04,389.796,n/a,n/a,n/a,n/a,389.778,n/a,n/a,n/a,n/a,0.7496,0.699,2.098,29.976,n/a,n/a,n/a,,Medium
Bound,120.00s,test,protein1,36,41,FFPQGF,H,1,7.16,7.11-7.24,7,106,103-112,0.048,-0.001,1.04E+05,757.968,n/a,n/a,n/a,n/a,757.971,n/a,n/a,n/a,n/a,0.902,1.268,1.268,31.692,n/a,n/a,n/a,,High
Bound,120.00s,test,protein1,36,41,FFPQGF,H,1,7.16,7.11-7.22,6,106,103-112,0.048,-0.001,1.12E+05,757.948,n/a,n/a,n/a,n/a,757.957,n/a,n/a,n/a,n/a,0.9028,1.248,1.248,31.19,n/a,n/a,n/a,,High
Bound,120.00s,test,protein1,36,41,FFPQGF,H,1,7.16,7.11-7.26,8,106,103-112,0.045,-0.001,1.13E+05,757.984,n/a,n/a,n/a,n/a,757.961,n/a,n/a,n/a,n/a,0.8775,1.284,1.284,32.099,n/a,n/a,n/a,,High
Bound,15.00s,test,protein1,4,10,PKEKYYL,H,1,8.9,8.85-8.98,7,128,125-134,0.059,0,4.74E+04,833.048,n/a,n/a,n/a,n/a,832.92,n/a,n/a,n/a,n/a,0.8057,4.054,4.054,81.083,n/a,n/a,n/a,,Medium
Bound,15.00s,test,protein1,4,10,PKEKYYL,H,1,8.9,8.85-9.00,8,128,125-134,0.067,-0.004,3.00E+04,833.099,n/a,n/a,n/a,n/a,832.876,n/a,n/a,n/a,n/a,0.8258,4.105,4.105,82.091,n/a,n/a,n/a,,Medium
Bound,15.00s,test,protein1,4,10,PKEKYYL,H,1,8.9,8.85-8.98,7,128,125-134,0.068,-0.003,2.53E+04,833.092,n/a,n/a,n/a,n/a,832.945,n/a,n/a,n/a,n/a,0.8252,4.097,4.097,81.948,n/a,n/a,n/a,,Medium
Bound,15.00s,test,protein1,19,32,VRFYYTLIPMWVTT,H,2,7.65,7.60-7.78,10,78,77-82,0.049,-0.001,1.47E+05,822.246,n/a,n/a,n/a,n/a,822.257,n/a,n/a,n/a,n/a,0.8649,1.846,3.692,36.922,n/a,n/a,n/a,,High
Bound,15.00s,test,protein1,19,32,VRFYYTLIPMWVTT,H,2,7.65,7.62-7.83,11,78,76-82,0.056,-0.003,8.60E+04,822.272,n/a,n/a,n/a,n/a,822.274,n/a,n/a,n/a,n/a,0.8865,1.872,3.744,37.445,n/a,n/a,n/a,,High
Bound,15.00s,test,protein1,19,32,VRFYYTLIPMWVTT,H,2,7.65,7.60-7.78,10,78,76-82,0.048,-0.001,7.87E+04,822.297,n/a,n/a,n/a,n/a,822.311,n/a,n/a,n/a,n/a,0.8626,1.897,3.793,37.932,n/a,n/a,n/a,,High
Bound,15.00s,test,protein2,24,32,KWWRFDCVL,H,2,3.51,3.29-3.50,11,53,52-56,0.039,0.001,1.94E+05,534.679,n/a,n/a,n/a,n/a,534.661,n/a,n/a,n/a,n/a,0.876,0.553,1.106,15.794,n/a,n/a,n/a,,High
Bound,15.00s,test,protein2,24,32,KWWRFDCVL,H,2,3.51,3.25-3.46,11,53,52-56,0.04,0,1.41E+05,534.727,n/a,n/a,n/a,n/a,534.727,n/a,n/a,n/a,n/a,0.8772,0.602,1.203,17.187,n/a,n/a,n/a,,High
Bound,15.00s,test,protein2,24,32,KWWRFDCVL,H,2,3.51,3.31-3.52,11,53,52-56,0.038,0,1.28E+05,534.693,n/a,n/a,n/a,n/a,534.701,n/a,n/a,n/a,n/a,0.8665,0.567,1.135,16.214,n/a,n/a,n/a,,High
Bound,15.00s,test,protein2,34,42,VELLIMTRF,H,3,7.69,7.70-7.74,3,42,41-45,0.033,-0.001,2.50E+04,389.744,n/a,n/a,n/a,n/a,389.721,n/a,n/a,n/a,n/a,0.7948,0.648,1.943,27.75,n/a,n/a,n/a,,Medium
Bound,15.00s,test,protein2,34,42,VELLIMTRF,H,3,7.69,7.62-7.83,11,42,41-45,0.036,-0.002,3.12E+04,389.74,n/a,n/a,n/a,n/a,389.716,n/a,n/a,n/a,n/a,0.7157,0.644,1.931,27.58,n/a,n/a,n/a,,Medium
Bound,15.00s,test,protein2,34,42,VELLIMTRF,H,3,7.69,7.70-7.76,4,42,41-45,0.04,-0.001,1.69E+04,389.72,n/a,n/a,n/a,n/a,389.702,n/a,n/a,n/a,n/a,0.7859,0.624,1.871,26.735,n/a,n/a,n/a,,Medium
Bound,15.00s,test,protein1,36,41,FFPQGF,H,1,7.16,7.13-7.24,6,106,103-112,0.05,0,1.23E+05,757.424,n/a,n/a,n/a,n/a,757.427,n/a,n/a,n/a,n/a,0.9015,0.724,0.724,18.112,n/a,n/a,n/a,,High
Bound,15.00s,test,protein1,36,41,FFPQGF,H,1,7.16,7.13-7.24,6,106,103-111,0.058,-0.003,8.78E+04,757.444,n/a,n/a,n/a,n/a,757.43,n/a,n/a,n/a,n/a,0.9311,0.744,0.744,18.599,n/a,n/a,n/a,,High
Bound,15.00s,test,protein1,36,41,FFPQGF,H,1,7.16,7.13-7.22,5,106,103-111,0.044,-0.002,9.46E+04,757.466,n/a,n/a,n/a,n/a,757.474,n/a,n/a,n/a,n/a,0.8882,0.766,0.766,19.151,n/a,n/a,n/a,,High
Bound,1800.00s,test,protein1,4,10,PKEKYYL,H,1,8.9,8.83-9.00,9,128,125-134,0.055,-0.001,7.94E+04,832.607,n/a,n/a,n/a,n/a,832.481,n/a,n/a,n/a,n/a,0.8597,3.613,3.613,72.266,n/a,n/a,n/a,,High
Bound,1800.00s,test,protein1,19,32,VRFYYTLIPMWVTT,H,2,7.65,7.55-7.72,9,78,77-82,0.049,-0.002,3.66E+05,823.531,n/a,n/a,n/a,n/a,823.567,n/a,n/a,n/a,n/a,0.8739,3.131,6.262,62.616,n/a,n/a,n/a,,High
Bound,1800.00s,test,protein2,24,32,KWWRFDCVL,H,2,3.51,3.46-3.64,10,53,51-55,0.039,-0.001,1.31E+05,534.928,n/a,n/a,n/a,n/a,534.888,n/a,n/a,n/a,n/a,0.8642,0.802,1.603,22.906,n/a,n/a,n/a,,Medium
Bound,1800.00s,test,protein2,34,42,VELLIMTRF,H,3,7.69,7.64-7.70,4,42,40-44,0.033,-0.001,4.61E+04,389.914,n/a,n/a,n/a,n/a,389.878,n/a,n/a,n/a,n/a,0.8116,0.818,2.454,35.06,n/a,n/a,n/a,,Medium
Bound,1800.00s,test,protein1,36,41,FFPQGF,H,1,7.16,7.07-7.18,6,106,104-112,0.041,-0.001,3.49E+05,758.331,n/a,n/a,n/a,n/a,758.382,n/a,n/a,n/a,n/a,0.8267,1.631,1.631,40.781,n/a,n/a,n/a,,Medium
Bound,7200.00s,test,protein1,4,10,PKEKYYL,H,1,8.9,8.83-9.00,9,128,125-134,0.055,-0.001,7.94E+04,832.607,n/a,n/a,n/a,n/a,832.481,n/a,n/a,n/a,n/a,0.8597,3.613,3.613,72.266,n/a,n/a,n/a,,High
Bound,7200.00s,test,protein1,19,32,VRFYYTLIPMWVTT,H,2,7.65,7.55-7.72,9,78,77-82,0.049,-0.002,3.66E+05,823.531,n/a,n/a,n/a,n/a,823.567,n/a,n/a,n/a,n/a,0.8739,3.131,6.262,62.616,n/a,n/a,n/a,,High
Bound,7200.00s,test,protein2,24,32,KWWRFDCVL,H,2,3.51,3.46-3.64,10,53,51-55,0.039,-0.001,1.31E+05,534.928,n/a,n/a,n/a,n/a,534.888,n/a,n/a,n/a,n/a,0.8642,0.802,1.603,22.906,n/a,n/a,n/a,,Medium
Bound,7200.00s,test,protein2,34,42,VELLIMTRF,H,3,7.69,7.64-7.70,4,42,40-44,0.033,-0.001,4.61E+04,389.914,n/a,n/a,n/a,n/a,389.878,n/a,n/a,n/a,n/a,0.8116,0.818,2.454,35.06,n/a,n/a,n/a,,Medium
Bound,7200.00s,test,protein1,36,41,FFPQGF,H,1,7.16,7.07-7.18,6,106,104-112,0.041,-0.001,3.49E+05,758.331,n/a,n/a,n/a,n/a,758.382,n/a,n/a,n/a,n/a,0.8267,1.631,1.631,40.781,n/a,n/a,n/a,,Medium
Bound,5.00s,test,protein1,4,10,PKEKYYL,H,1,8.9,8.85-9.00,8,128,125-134,0.056,0.006,8.00E+04,832.935,n/a,n/a,n/a,n/a,832.731,n/a,n/a,n/a,n/a,0.8191,3.941,3.941,78.821,n/a,n/a,n/a,,Medium
Bound,5.00s,test,protein1,4,10,PKEKYYL,H,1,8.9,8.85-9.00,8,128,125-134,0.051,-0.002,7.89E+04,832.945,n/a,n/a,n/a,n/a,832.742,n/a,n/a,n/a,n/a,0.793,3.951,3.951,79.014,n/a,n/a,n/a,,Medium
Bound,5.00s,test,protein1,4,10,PKEKYYL,H,1,8.9,8.85-9.00,8,128,125-134,0.058,0.004,8.12E+04,832.946,n/a,n/a,n/a,n/a,832.76,n/a,n/a,n/a,n/a,0.8169,3.952,3.952,79.037,n/a,n/a,n/a,,Medium
Bound,5.00s,test,protein1,19,32,VRFYYTLIPMWVTT,H,2,7.65,7.58-7.79,11,78,77-82,0.05,0.005,5.28E+05,821.93,n/a,n/a,n/a,n/a,821.95,n/a,n/a,n/a,n/a,0.8892,1.53,3.059,30.591,n/a,n/a,n/a,,High
Bound,5.00s,test,protein1,19,32,VRFYYTLIPMWVTT,H,2,7.65,7.57-7.74,9,78,77-82,0.05,-0.002,4.53E+05,821.895,n/a,n/a,n/a,n/a,821.937,n/a,n/a,n/a,n/a,0.8766,1.495,2.99,29.898,n/a,n/a,n/a,,High
Bound,5.00s,test,protein1,19,32,VRFYYTLIPMWVTT,H,2,7.65,7.57-7.81,12,78,77-82,0.046,0.004,5.29E+05,821.925,n/a,n/a,n/a,n/a,821.929,n/a,n/a,n/a,n/a,0.8874,1.525,3.05,30.495,n/a,n/a,n/a,,High
Bound,5.00s,test,protein2,24,32,KWWRFDCVL,H,2,3.51,3.50-3.71,11,53,52-56,0.044,0.004,6.18E+05,534.579,n/a,n/a,n/a,n/a,534.579,n/a,n/a,n/a,n/a,0.8819,0.453,0.906,12.941,n/a,n/a,n/a,,High
Bound,5.00s,test,protein2,24,32,KWWRFDCVL,H,2,3.51,3.54-3.56,2,53,52-56,0.034,0,2.84E+05,534.494,n/a,n/a,n/a,n/a,534.503,n/a,n/a,n/a,n/a,0.8544,0.368,0.736,10.52,n/a,n/a,n/a,,High
Bound,5.00s,test,protein2,24,32,KWWRFDCVL,H,2,3.51,3.50-3.69,10,53,52-56,0.046,0.003,5.87E+05,534.577,n/a,n/a,n/a,n/a,534.589,n/a,n/a,n/a,n/a,0.9028,0.451,0.903,12.896,n/a,n/a,n/a,,High
Bound,5.00s,test,protein2,34,42,VELLIMTRF,H,3,7.69,7.66-7.70,3,42,41-45,0.036,0.002,4.56E+04,389.649,n/a,n/a,n/a,n/a,389.651,n/a,n/a,n/a,n/a,0.838,0.552,1.657,23.665,n/a,n/a,n/a,,Medium
Bound,5.00s,test,protein2,34,42,VELLIMTRF,H,3,7.69,7.60-7.66,4,42,40-44,0.033,-0.002,3.61E+04,389.635,n/a,n/a,n/a,n/a,389.659,n/a,n/a,n/a,n/a,0.7997,0.539,1.616,23.079,n/a,n/a,n/a,,Medium
Bound,5.00s,test,protein2,34,42,VELLIMTRF,H,3,7.69,7.64-7.70,4,42,40-44,0.038,0.002,3.83E+04,389.676,n/a,n/a,n/a,n/a,389.654,n/a,n/a,n/a,n/a,0.7574,0.58,1.739,24.843,n/a,n/a,n/a,,Medium
Bound,5.00s,test,protein1,36,41,FFPQGF,H,1,7.16,7.11-7.22,6,106,103-111,0.042,0.006,5.70E+05,757.105,n/a,n/a,n/a,n/a,757.085,n/a,n/a,n/a,n/a,0.8864,0.405,0.405,10.115,n/a,n/a,n/a,,High
Bound,5.00s,test,protein1,36,41,FFPQGF,H,1,7.16,7.05-7.18,7,106,103-111,0.055,0,3.40E+05,757.127,n/a,n/a,n/a,n/a,757.123,n/a,n/a,n/a,n/a,0.9115,0.427,0.427,10.667,n/a,n/a,n/a,,High
Bound,5.00s,test,protein1,36,41,FFPQGF,H,1,7.16,7.09-7.22,7,106,103-111,0.057,0.004,3.30E+05,757.19,n/a,n/a,n/a,n/a,757.199,n/a,n/a,n/a,n/a,0.9203,0.49,0.49,12.239,n/a,n/a,n/a,,High
,,,,,,,,,,,,,,,,,,,,,,,,,,,,,,,,,,,
Unbound,0s,test,protein1,4,10,PKEKYYL,H,1,8.9,8.87-9.00,7,128,125-134,0.051,0.006,1.91E+05,829.004,n/a,n/a,n/a,n/a,828.974,n/a,n/a,n/a,n/a,0.8875,n/a,n/a,,n/a,n/a,n/a,,High
Unbound,0s,test,protein1,4,10,PKEKYYL,H,1,8.9,8.85-9.00,8,128,125-134,0.058,0.005,1.95E+05,829.008,n/a,n/a,n/a,n/a,828.974,n/a,n/a,n/a,n/a,0.8811,n/a,n/a,,n/a,n/a,n/a,,High
Unbound,0s,test,protein1,4,10,PKEKYYL,H,1,8.9,8.90-9.00,6,128,125-130,0.062,0.002,8.14E+04,829.008,n/a,n/a,n/a,n/a,828.974,n/a,n/a,n/a,n/a,0.9084,n/a,n/a,,n/a,n/a,n/a,,High
Unbound,0s,test,protein1,4,10,PKEKYYL,H,1,8.9,8.90-9.00,6,128,125-130,0.061,0.001,8.14E+04,829.031,n/a,n/a,n/a,n/a,828.974,n/a,n/a,n/a,n/a,0.8886,n/a,n/a,,n/a,n/a,n/a,,High
Unbound,0s,test,protein1,4,10,PKEKYYL,H,1,8.9,8.85-8.98,7,128,124-134,0.057,-0.001,1.93E+05,829.028,n/a,n/a,n/a,n/a,828.974,n/a,n/a,n/a,n/a,0.8853,n/a,n/a,,n/a,n/a,n/a,,High
Unbound,5.00s,test,protein1,4,10,PKEKYYL,H,1,8.9,8.85-8.96,6,128,125-134,0.054,0.002,9.07E+04,832.962,n/a,n/a,n/a,n/a,832.792,n/a,n/a,n/a,n/a,0.8083,3.946,3.946,78.915,n/a,n/a,n/a,,Medium
Unbound,5.00s,test,protein1,4,10,PKEKYYL,H,1,8.9,8.85-9.00,8,128,124-134,0.061,0.001,7.06E+04,832.995,n/a,n/a,n/a,n/a,832.767,n/a,n/a,n/a,n/a,0.8146,3.979,3.979,79.585,n/a,n/a,n/a,,Medium
Unbound,5.00s,test,protein1,4,10,PKEKYYL,H,1,8.9,8.85-9.00,8,128,125-134,0.051,0.008,1.02E+05,833.024,n/a,n/a,n/a,n/a,832.844,n/a,n/a,n/a,n/a,0.8021,4.008,4.008,80.163,n/a,n/a,n/a,,Medium
Unbound,15.00s,test,protein1,4,10,PKEKYYL,H,1,8.9,8.87-9.03,8,128,124-134,0.069,-0.008,2.37E+04,833.242,n/a,n/a,n/a,n/a,832.986,n/a,n/a,n/a,n/a,0.8097,4.226,4.226,84.528,n/a,n/a,n/a,,Medium
Unbound,15.00s,test,protein1,4,10,PKEKYYL,H,1,8.9,8.87-9.00,7,128,125-134,0.062,-0.006,3.31E+04,833.165,n/a,n/a,n/a,n/a,832.936,n/a,n/a,n/a,n/a,0.8176,4.15,4.15,82.993,n/a,n/a,n/a,,Medium
Unbound,15.00s,test,protein1,4,10,PKEKYYL,H,1,8.9,8.88-8.98,6,128,124-134,0.064,-0.007,3.10E+04,833.173,n/a,n/a,n/a,n/a,832.941,n/a,n/a,n/a,n/a,0.8039,4.158,4.158,83.151,n/a,n/a,n/a,,Medium
Unbound,120.00s,test,protein1,4,10,PKEKYYL,H,1,8.9,8.88-9.00,7,128,125-134,0.056,-0.004,5.02E+04,833.118,n/a,n/a,n/a,n/a,832.899,n/a,n/a,n/a,n/a,0.7925,4.102,4.102,82.035,n/a,n/a,n/a,,Medium
Unbound,120.00s,test,protein1,4,10,PKEKYYL,H,1,8.9,8.85-9.00,8,128,124-134,0.064,0.006,4.66E+04,833.135,n/a,n/a,n/a,n/a,832.963,n/a,n/a,n/a,n/a,0.8085,4.119,4.119,82.389,n/a,n/a,n/a,,Medium
Unbound,120.00s,test,protein1,4,10,PKEKYYL,H,1,8.9,8.87-8.96,5,128,125-134,0.053,-0.003,4.17E+04,833.113,n/a,n/a,n/a,n/a,832.945,n/a,n/a,n/a,n/a,0.7704,4.098,4.098,81.953,n/a,n/a,n/a,,Medium
Unbound,1800.00s,test,protein1,4,10,PKEKYYL,H,1,8.9,8.85-8.98,7,128,125-134,0.057,0.007,6.88E+04,832.622,n/a,n/a,n/a,n/a,832.491,n/a,n/a,n/a,n/a,0.8746,3.607,3.607,72.133,n/a,n/a,n/a,,High
Unbound,1800.00s,test,protein1,4,10,PKEKYYL,H,1,8.9,8.85-8.98,7,128,125-134,0.055,0.005,7.85E+04,832.765,n/a,n/a,n/a,n/a,832.608,n/a,n/a,n/a,n/a,0.8534,3.749,3.749,74.978,n/a,n/a,n/a,,High
Unbound,1800.00s,test,protein1,4,10,PKEKYYL,H,1,8.9,8.87-9.03,8,128,125-134,0.059,0.007,7.20E+04,832.624,n/a,n/a,n/a,n/a,832.487,n/a,n/a,n/a,n/a,0.8609,3.608,3.608,72.164,n/a,n/a,n/a,,High
Unbound,7200.00s,test,protein1,4,10,PKEKYYL,H,1,8.9,8.85-8.94,5,128,125-134,0.051,-0.004,7.10E+04,832.779,n/a,n/a,n/a,n/a,832.646,n/a,n/a,n/a,n/a,0.8406,3.763,3.763,75.255,n/a,n/a,n/a,,Medium
Unbound,7200.00s,test,protein1,4,10,PKEKYYL,H,1,8.9,8.85-9.00,8,128,125-134,0.052,-0.004,7.74E+04,832.542,n/a,n/a,n/a,n/a,832.458,n/a,n/a,n/a,n/a,0.8609,3.526,3.526,70.517,n/a,n/a,n/a,,High
Unbound,7200.00s,test,protein1,4,10,PKEKYYL,H,1,8.9,8.85-8.96,6,128,124-134,0.054,-0.004,6.63E+04,832.748,n/a,n/a,n/a,n/a,832.646,n/a,n/a,n/a,n/a,0.8541,3.732,3.732,74.643,n/a,n/a,n/a,,High
Unbound,0s,test,protein1,19,32,VRFYYTLIPMWVTT,H,2,7.65,7.60-7.76,9,78,77-82,0.05,0.008,9.16E+05,820.399,n/a,n/a,n/a,n/a,820.452,n/a,n/a,n/a,n/a,0.8588,n/a,n/a,,n/a,n/a,n/a,,High
Unbound,0s,test,protein1,19,32,VRFYYTLIPMWVTT,H,2,7.65,7.60-7.74,8,78,77-82,0.053,0.005,9.04E+05,820.42,n/a,n/a,n/a,n/a,820.452,n/a,n/a,n/a,n/a,0.8734,n/a,n/a,,n/a,n/a,n/a,,High
Unbound,0s,test,protein1,19,32,VRFYYTLIPMWVTT,H,2,7.65,7.60-7.76,9,78,77-82,0.05,0.001,8.45E+05,820.412,n/a,n/a,n/a,n/a,820.452,n/a,n/a,n/a,n/a,0.8887,n/a,n/a,,n/a,n/a,n/a,,High
Unbound,0s,test,protein1,19,32,VRFYYTLIPMWVTT,H,2,7.65,7.60-7.76,9,78,77-82,0.053,0,8.22E+05,820.421,n/a,n/a,n/a,n/a,820.452,n/a,n/a,n/a,n/a,0.9094,n/a,n/a,,n/a,n/a,n/a,,High
Unbound,0s,test,protein1,19,32,VRFYYTLIPMWVTT,H,2,7.65,7.60-7.70,6,78,77-82,0.046,-0.001,9.23E+05,820.406,n/a,n/a,n/a,n/a,820.452,n/a,n/a,n/a,n/a,0.8852,n/a,n/a,,n/a,n/a,n/a,,High
Unbound,5.00s,test,protein1,19,32,VRFYYTLIPMWVTT,H,2,7.65,7.60-7.79,10,78,77-82,0.05,0.003,7.40E+05,821.961,n/a,n/a,n/a,n/a,822.011,n/a,n/a,n/a,n/a,0.8883,1.549,3.098,30.981,n/a,n/a,n/a,,High
Unbound,5.00s,test,protein1,19,32,VRFYYTLIPMWVTT,H,2,7.65,7.60-7.78,10,78,76-81,0.054,0.001,6.35E+05,821.971,n/a,n/a,n/a,n/a,821.991,n/a,n/a,n/a,n/a,0.8733,1.56,3.119,31.193,n/a,n/a,n/a,,High
Unbound,5.00s,test,protein1,19,32,VRFYYTLIPMWVTT,H,2,7.65,7.58-7.76,10,78,77-82,0.057,0.008,5.56E+05,821.964,n/a,n/a,n/a,n/a,822.009,n/a,n/a,n/a,n/a,0.9063,1.552,3.104,31.038,n/a,n/a,n/a,,High
Unbound,15.00s,test,protein1,19,32,VRFYYTLIPMWVTT,H,2,7.65,7.62-7.80,10,78,76-82,0.054,-0.006,7.80E+04,822.382,n/a,n/a,n/a,n/a,822.378,n/a,n/a,n/a,n/a,0.8963,1.971,3.942,39.416,n/a,n/a,n/a,,High
Unbound,15.00s,test,protein1,19,32,VRFYYTLIPMWVTT,H,2,7.65,7.64-7.83,10,78,77-82,0.052,-0.004,1.05E+05,822.329,n/a,n/a,n/a,n/a,822.358,n/a,n/a,n/a,n/a,0.8722,1.917,3.834,38.342,n/a,n/a,n/a,,High
Unbound,15.00s,test,protein1,19,32,VRFYYTLIPMWVTT,H,2,7.65,7.60-7.81,11,78,77-82,0.055,-0.006,9.60E+04,822.358,n/a,n/a,n/a,n/a,822.373,n/a,n/a,n/a,n/a,0.8764,1.946,3.893,38.927,n/a,n/a,n/a,,High
Unbound,120.00s,test,protein1,19,32,VRFYYTLIPMWVTT,H,2,7.65,7.62-7.81,10,78,77-82,0.052,-0.004,1.61E+05,823.08,n/a,n/a,n/a,n/a,823.076,n/a,n/a,n/a,n/a,0.8822,2.669,5.338,53.376,n/a,n/a,n/a,,High
Unbound,120.00s,test,protein1,19,32,VRFYYTLIPMWVTT,H,2,7.65,7.62-7.81,10,78,77-82,0.062,0.006,1.22E+05,823.119,n/a,n/a,n/a,n/a,823.155,n/a,n/a,n/a,n/a,0.8839,2.707,5.415,54.15,n/a,n/a,n/a,,High
Unbound,120.00s,test,protein1,19,32,VRFYYTLIPMWVTT,H,2,7.65,7.62-7.80,10,78,77-82,0.05,-0.003,1.37E+05,823.085,n/a,n/a,n/a,n/a,823.109,n/a,n/a,n/a,n/a,0.8651,2.674,5.348,53.475,n/a,n/a,n/a,,High
Unbound,1800.00s,test,protein1,19,32,VRFYYTLIPMWVTT,H,2,7.65,7.57-7.81,12,78,77-82,0.049,0.006,3.09E+05,823.571,n/a,n/a,n/a,n/a,823.608,n/a,n/a,n/a,n/a,0.871,3.159,6.319,63.188,n/a,n/a,n/a,,High
Unbound,1800.00s,test,protein1,19,32,VRFYYTLIPMWVTT,H,2,7.65,7.55-7.76,11,78,77-82,0.05,0.005,4.20E+05,823.64,n/a,n/a,n/a,n/a,823.648,n/a,n/a,n/a,n/a,0.8809,3.229,6.457,64.571,n/a,n/a,n/a,,High
Unbound,1800.00s,test,protein1,19,32,VRFYYTLIPMWVTT,H,2,7.65,7.60-7.78,10,78,77-82,0.049,0.007,3.78E+05,823.58,n/a,n/a,n/a,n/a,823.572,n/a,n/a,n/a,n/a,0.8714,3.169,6.337,63.371,n/a,n/a,n/a,,High
Unbound,7200.00s,test,protein1,19,32,VRFYYTLIPMWVTT,H,2,7.65,7.60-7.74,8,78,77-82,0.047,-0.005,3.21E+05,823.655,n/a,n/a,n/a,n/a,823.691,n/a,n/a,n/a,n/a,0.8573,3.243,6.486,64.863,n/a,n/a,n/a,,High
Unbound,7200.00s,test,protein1,19,32,VRFYYTLIPMWVTT,H,2,7.65,7.60-7.78,10,78,77-82,0.058,-0.003,2.55E+05,823.555,n/a,n/a,n/a,n/a,823.599,n/a,n/a,n/a,n/a,0.8855,3.144,6.287,62.873,n/a,n/a,n/a,,High
Unbound,7200.00s,test,protein1,19,32,VRFYYTLIPMWVTT,H,2,7.65,7.60-7.78,10,78,77-82,0.052,-0.004,2.01E+05,823.643,n/a,n/a,n/a,n/a,823.662,n/a,n/a,n/a,n/a,0.8516,3.231,6.462,64.624,n/a,n/a,n/a,,High
Unbound,0s,test,protein2,24,32,KWWRFDCVL,H,2,3.51,3.48-3.64,9,53,52-56,0.037,0.006,1.30E+06,534.122,n/a,n/a,n/a,n/a,534.114,n/a,n/a,n/a,n/a,0.8781,n/a,n/a,,n/a,n/a,n/a,,High
Unbound,0s,test,protein2,24,32,KWWRFDCVL,H,2,3.51,3.48-3.58,6,53,52-56,0.037,0.005,1.22E+06,534.135,n/a,n/a,n/a,n/a,534.114,n/a,n/a,n/a,n/a,0.8507,n/a,n/a,,n/a,n/a,n/a,,High
Unbound,0s,test,protein2,24,32,KWWRFDCVL,H,2,3.51,3.46-3.66,11,53,50-55,0.046,0.002,9.12E+05,534.121,n/a,n/a,n/a,n/a,534.114,n/a,n/a,n/a,n/a,0.9073,n/a,n/a,,n/a,n/a,n/a,,High
Unbound,0s,test,protein2,24,32,KWWRFDCVL,H,2,3.51,3.46-3.67,11,53,52-56,0.04,0.002,1.20E+06,534.114,n/a,n/a,n/a,n/a,534.114,n/a,n/a,n/a,n/a,0.8705,n/a,n/a,,n/a,n/a,n/a,,High
Unbound,0s,test,protein2,24,32,KWWRFDCVL,H,2,3.51,3.46-3.64,10,53,52-56,0.041,0.001,1.17E+06,534.125,n/a,n/a,n/a,n/a,534.114,n/a,n/a,n/a,n/a,0.8557,n/a,n/a,,n/a,n/a,n/a,,High
Unbound,5.00s,test,protein2,24,32,KWWRFDCVL,H,2,3.51,3.48-3.67,10,53,52-56,0.042,0.004,8.68E+05,534.603,n/a,n/a,n/a,n/a,534.601,n/a,n/a,n/a,n/a,0.8748,0.48,0.959,13.707,n/a,n/a,n/a,,High
Unbound,5.00s,test,protein2,24,32,KWWRFDCVL,H,2,3.51,3.48-3.67,10,53,51-55,0.04,0.002,9.74E+05,534.603,n/a,n/a,n/a,n/a,534.6,n/a,n/a,n/a,n/a,0.8863,0.48,0.96,13.717,n/a,n/a,n/a,,High
Unbound,5.00s,test,protein2,24,32,KWWRFDCVL,H,2,3.51,3.50-3.69,10,53,52-56,0.038,0.007,9.54E+05,534.599,n/a,n/a,n/a,n/a,534.598,n/a,n/a,n/a,n/a,0.8954,0.476,0.952,13.601,n/a,n/a,n/a,,High
Unbound,15.00s,test,protein2,24,32,KWWRFDCVL,H,2,3.51,3.46-3.67,11,53,52-56,0.029,-0.002,1.53E+05,534.736,n/a,n/a,n/a,n/a,534.723,n/a,n/a,n/a,n/a,0.7745,0.613,1.225,17.504,n/a,n/a,n/a,,Medium
Unbound,15.00s,test,protein2,24,32,KWWRFDCVL,H,2,3.51,3.54-3.75,11,53,52-56,0.03,-0.002,2.58E+05,534.674,n/a,n/a,n/a,n/a,534.689,n/a,n/a,n/a,n/a,0.8207,0.55,1.1,15.721,n/a,n/a,n/a,,Medium
Unbound,15.00s,test,protein2,24,32,KWWRFDCVL,H,2,3.51,3.46-3.64,10,53,52-56,0.032,-0.003,1.87E+05,534.7,n/a,n/a,n/a,n/a,534.715,n/a,n/a,n/a,n/a,0.8008,0.577,1.154,16.484,n/a,n/a,n/a,,Medium
Unbound,120.00s,test,protein2,24,32,KWWRFDCVL,H,2,3.51,3.48-3.67,10,53,52-56,0.035,-0.001,2.71E+05,534.763,n/a,n/a,n/a,n/a,534.751,n/a,n/a,n/a,n/a,0.8531,0.64,1.279,18.274,n/a,n/a,n/a,,High
Unbound,120.00s,test,protein2,24,32,KWWRFDCVL,H,2,3.51,3.52-3.73,11,53,52-56,0.043,0.004,2.24E+05,534.846,n/a,n/a,n/a,n/a,534.832,n/a,n/a,n/a,n/a,0.8757,0.723,1.446,20.66,n/a,n/a,n/a,,High
Unbound,120.00s,test,protein2,24,32,KWWRFDCVL,H,2,3.51,3.50-3.69,10,53,52-56,0.042,-0.001,1.97E+05,534.821,n/a,n/a,n/a,n/a,534.819,n/a,n/a,n/a,n/a,0.8879,0.698,1.396,19.945,n/a,n/a,n/a,,High
Unbound,1800.00s,test,protein2,24,32,KWWRFDCVL,H,2,3.51,3.46-3.64,10,53,52-56,0.039,0.006,3.54E+05,534.934,n/a,n/a,n/a,n/a,534.912,n/a,n/a,n/a,n/a,0.865,0.811,1.621,23.161,n/a,n/a,n/a,,High
Unbound,1800.00s,test,protein2,24,32,KWWRFDCVL,H,2,3.51,3.46-3.64,10,53,52-56,0.042,0.005,4.94E+05,534.909,n/a,n/a,n/a,n/a,534.911,n/a,n/a,n/a,n/a,0.9003,0.785,1.571,22.439,n/a,n/a,n/a,,High
Unbound,1800.00s,test,protein2,24,32,KWWRFDCVL,H,2,3.51,3.52-3.56,3,53,52-56,0.029,0.006,3.36E+05,534.948,n/a,n/a,n/a,n/a,534.927,n/a,n/a,n/a,n/a,0.7742,0.824,1.649,23.557,n/a,n/a,n/a,,Medium
Unbound,7200.00s,test,protein2,24,32,KWWRFDCVL,H,2,3.51,3.48-3.69,11,53,52-56,0.037,-0.002,4.94E+05,534.957,n/a,n/a,n/a,n/a,534.959,n/a,n/a,n/a,n/a,0.883,0.834,1.668,23.827,n/a,n/a,n/a,,High
Unbound,7200.00s,test,protein2,24,32,KWWRFDCVL,H,2,3.51,3.48-3.67,10,53,52-56,0.035,0,4.44E+05,534.943,n/a,n/a,n/a,n/a,534.947,n/a,n/a,n/a,n/a,0.8663,0.82,1.64,23.425,n/a,n/a,n/a,,High
Unbound,7200.00s,test,protein2,24,32,KWWRFDCVL,H,2,3.51,3.48-3.69,11,53,52-56,0.04,-0.002,3.67E+05,534.962,n/a,n/a,n/a,n/a,534.955,n/a,n/a,n/a,n/a,0.8842,0.838,1.677,23.956,n/a,n/a,n/a,,High
Unbound,0s,test,protein2,34,42,VELLIMTRF,H,3,7.69,7.64-7.72,5,42,41-45,0.032,0.003,1.25E+05,389.106,n/a,n/a,n/a,n/a,389.119,n/a,n/a,n/a,n/a,0.8348,n/a,n/a,,n/a,n/a,n/a,,Medium
Unbound,0s,test,protein2,34,42,VELLIMTRF,H,3,7.69,7.70-7.74,3,42,39-44,0.04,0.003,4.87E+04,389.066,n/a,n/a,n/a,n/a,389.119,n/a,n/a,n/a,n/a,0.8078,n/a,n/a,,n/a,n/a,n/a,,Medium
Unbound,0s,test,protein2,34,42,VELLIMTRF,H,3,7.69,7.66-7.70,3,42,41-45,0.032,0,7.80E+04,389.117,n/a,n/a,n/a,n/a,389.119,n/a,n/a,n/a,n/a,0.8271,n/a,n/a,,n/a,n/a,n/a,,Medium
Unbound,0s,test,protein2,34,42,VELLIMTRF,H,3,7.69,7.62-7.76,8,42,39-44,0.04,0,9.33E+04,389.139,n/a,n/a,n/a,n/a,389.119,n/a,n/a,n/a,n/a,0.8491,n/a,n/a,,n/a,n/a,n/a,,Medium
Unbound,0s,test,protein2,34,42,VELLIMTRF,H,3,7.69,7.66-7.74,5,42,39-44,0.037,0,1.08E+05,389.107,n/a,n/a,n/a,n/a,389.119,n/a,n/a,n/a,n/a,0.8158,n/a,n/a,,n/a,n/a,n/a,,Medium
Unbound,5.00s,test,protein2,34,42,VELLIMTRF,H,3,7.69,7.70-7.74,3,42,39-45,0.041,0.002,3.99E+04,389.65,n/a,n/a,n/a,n/a,389.64,n/a,n/a,n/a,n/a,0.8461,0.543,1.629,23.266,n/a,n/a,n/a,,Medium
Unbound,5.00s,test,protein2,34,42,VELLIMTRF,H,3,7.69,7.64-7.76,7,42,40-44,0.034,0.001,5.99E+04,389.7,n/a,n/a,n/a,n/a,389.68,n/a,n/a,n/a,n/a,0.8014,0.592,1.777,25.391,n/a,n/a,n/a,,Medium
Unbound,5.00s,test,protein2,34,42,VELLIMTRF,H,3,7.69,7.70-7.74,3,42,41-45,0.033,0.004,4.52E+04,389.69,n/a,n/a,n/a,n/a,389.699,n/a,n/a,n/a,n/a,0.8047,0.582,1.747,24.964,n/a,n/a,n/a,,Medium
Unbound,15.00s,test,protein2,34,42,VELLIMTRF,H,3,7.69,7.72-7.78,4,42,41-45,0.03,-0.003,2.25E+04,389.761,n/a,n/a,n/a,n/a,389.779,n/a,n/a,n/a,n/a,0.7525,0.654,1.962,28.034,n/a,n/a,n/a,,Medium
Unbound,15.00s,test,protein2,34,42,VELLIMTRF,H,3,7.69,7.74-7.78,3,42,41-45,0.033,-0.002,1.77E+04,389.776,n/a,n/a,n/a,n/a,389.74,n/a,n/a,n/a,n/a,0.7969,0.669,2.006,28.655,n/a,n/a,n/a,,Medium
Unbound,15.00s,test,protein2,34,42,VELLIMTRF,H,3,7.69,7.70-7.78,5,42,41-45,0.036,-0.002,2.46E+04,389.789,n/a,n/a,n/a,n/a,389.759,n/a,n/a,n/a,n/a,0.7842,0.682,2.045,29.209,n/a,n/a,n/a,,Medium
Unbound,120.00s,test,protein2,34,42,VELLIMTRF,H,3,7.69,7.70-7.76,4,42,41-45,0.03,-0.003,3.64E+04,389.786,n/a,n/a,n/a,n/a,389.786,n/a,n/a,n/a,n/a,0.7633,0.679,2.038,29.114,n/a,n/a,n/a,,Medium
Unbound,120.00s,test,protein2,34,42,VELLIMTRF,H,3,7.69,7.72-7.74,2,42,41-45,0.035,0.002,1.65E+04,389.801,n/a,n/a,n/a,n/a,389.805,n/a,n/a,n/a,n/a,0.7838,0.694,2.083,29.759,n/a,n/a,n/a,,Medium
Unbound,120.00s,test,protein2,34,42,VELLIMTRF,H,3,7.69,7.72-7.76,3,42,41-45,0.03,-0.003,2.17E+04,389.815,n/a,n/a,n/a,n/a,389.783,n/a,n/a,n/a,n/a,0.7579,0.708,2.123,30.335,n/a,n/a,n/a,,Medium
Unbound,1800.00s,test,protein2,34,42,VELLIMTRF,H,3,7.69,7.70-7.74,3,42,40-44,0.03,0.003,3.00E+04,390.012,n/a,n/a,n/a,n/a,389.99,n/a,n/a,n/a,n/a,0.7306,0.905,2.714,38.769,n/a,n/a,n/a,,Medium
Unbound,1800.00s,test,protein2,34,42,VELLIMTRF,H,3,7.69,7.70-7.72,2,42,40-44,0.033,0.003,2.64E+04,389.931,n/a,n/a,n/a,n/a,389.918,n/a,n/a,n/a,n/a,0.8206,0.824,2.471,35.305,n/a,n/a,n/a,,Medium
Unbound,1800.00s,test,protein2,34,42,VELLIMTRF,H,3,7.69,7.70-7.76,4,42,40-44,0.034,0.003,3.47E+04,390.027,n/a,n/a,n/a,n/a,390.01,n/a,n/a,n/a,n/a,0.8473,0.92,2.76,39.429,n/a,n/a,n/a,,Medium
Unbound,7200.00s,test,protein2,34,42,VELLIMTRF,H,3,7.69,7.64-7.76,7,42,40-45,0.032,-0.002,4.97E+04,390.155,n/a,n/a,n/a,n/a,390.21,n/a,n/a,n/a,n/a,0.7483,1.048,3.144,44.914,n/a,n/a,n/a,,Medium
Unbound,7200.00s,test,protein2,34,42,VELLIMTRF,H,3,7.69,7.70-7.74,3,42,41-45,0.036,-0.002,2.65E+04,390.131,n/a,n/a,n/a,n/a,390.129,n/a,n/a,n/a,n/a,0.8071,1.024,3.073,43.902,n/a,n/a,n/a,,Medium
Unbound,7200.00s,test,protein2,34,42,VELLIMTRF,H,3,7.69,7.70-7.74,3,42,41-45,0.032,-0.002,2.82E+04,390.14,n/a,n/a,n/a,n/a,390.148,n/a,n/a,n/a,n/a,0.7972,1.033,3.098,44.259,n/a,n/a,n/a,,Medium
Unbound,0s,test,protein1,36,41,FFPQGF,H,1,7.16,7.09-7.20,6,106,104-111,0.047,0.007,7.98E+05,756.697,n/a,n/a,n/a,n/a,756.783,n/a,n/a,n/a,n/a,0.8581,n/a,n/a,,n/a,n/a,n/a,,High
Unbound,0s,test,protein1,36,41,FFPQGF,H,1,7.16,7.11-7.20,5,106,103-112,0.049,0.005,9.99E+05,756.68,n/a,n/a,n/a,n/a,756.783,n/a,n/a,n/a,n/a,0.8567,n/a,n/a,,n/a,n/a,n/a,,High
Unbound,0s,test,protein1,36,41,FFPQGF,H,1,7.16,7.11-7.20,5,106,104-111,0.051,0,7.37E+05,756.682,n/a,n/a,n/a,n/a,756.783,n/a,n/a,n/a,n/a,0.858,n/a,n/a,,n/a,n/a,n/a,,High
Unbound,0s,test,protein1,36,41,FFPQGF,H,1,7.16,7.11-7.20,5,106,104-111,0.05,-0.001,7.80E+05,756.68,n/a,n/a,n/a,n/a,756.783,n/a,n/a,n/a,n/a,0.8577,n/a,n/a,,n/a,n/a,n/a,,High
Unbound,0s,test,protein1,36,41,FFPQGF,H,1,7.16,7.13-7.22,5,106,103-111,0.049,-0.003,8.86E+05,756.695,n/a,n/a,n/a,n/a,756.783,n/a,n/a,n/a,n/a,0.8539,n/a,n/a,,n/a,n/a,n/a,,High
Unbound,5.00s,test,protein1,36,41,FFPQGF,H,1,7.16,7.14-7.24,6,106,103-112,0.044,0.003,6.91E+05,757.154,n/a,n/a,n/a,n/a,757.133,n/a,n/a,n/a,n/a,0.8741,0.467,0.467,11.675,n/a,n/a,n/a,,High
Unbound,5.00s,test,protein1,36,41,FFPQGF,H,1,7.16,7.13-7.26,7,106,103-111,0.048,0.001,5.85E+05,757.181,n/a,n/a,n/a,n/a,757.192,n/a,n/a,n/a,n/a,0.893,0.494,0.494,12.358,n/a,n/a,n/a,,High
Unbound,5.00s,test,protein1,36,41,FFPQGF,H,1,7.16,7.13-7.24,6,106,103-112,0.043,0.006,5.73E+05,757.173,n/a,n/a,n/a,n/a,757.157,n/a,n/a,n/a,n/a,0.8819,0.486,0.486,12.162,n/a,n/a,n/a,,High
Unbound,15.00s,test,protein1,36,41,FFPQGF,H,1,7.16,7.18-7.24,4,106,102-112,0.049,-0.006,7.48E+04,757.517,n/a,n/a,n/a,n/a,757.516,n/a,n/a,n/a,n/a,0.9049,0.83,0.83,20.744,n/a,n/a,n/a,,High
Unbound,15.00s,test,protein1,36,41,FFPQGF,H,1,7.16,7.18-7.28,6,106,103-112,0.059,-0.004,7.52E+04,757.511,n/a,n/a,n/a,n/a,757.525,n/a,n/a,n/a,n/a,0.9294,0.824,0.824,20.601,n/a,n/a,n/a,,High
Unbound,15.00s,test,protein1,36,41,FFPQGF,H,1,7.16,7.16-7.26,6,106,102-112,0.046,-0.005,1.06E+05,757.507,n/a,n/a,n/a,n/a,757.534,n/a,n/a,n/a,n/a,0.8877,0.82,0.82,20.506,n/a,n/a,n/a,,High
Unbound,120.00s,test,protein1,36,41,FFPQGF,H,1,7.16,7.13-7.26,7,106,103-112,0.047,-0.003,1.24E+05,758.035,n/a,n/a,n/a,n/a,758.044,n/a,n/a,n/a,n/a,0.8864,1.348,1.348,33.705,n/a,n/a,n/a,,High
Unbound,120.00s,test,protein1,36,41,FFPQGF,H,1,7.16,7.13-7.26,7,106,103-112,0.043,0.005,1.22E+05,758.047,n/a,n/a,n/a,n/a,758.013,n/a,n/a,n/a,n/a,0.8558,1.36,1.36,34.005,n/a,n/a,n/a,,High
Unbound,120.00s,test,protein1,36,41,FFPQGF,H,1,7.16,7.15-7.26,6,106,103-112,0.044,-0.004,1.15E+05,758.077,n/a,n/a,n/a,n/a,758.12,n/a,n/a,n/a,n/a,0.8628,1.39,1.39,34.742,n/a,n/a,n/a,,High
Unbound,1800.00s,test,protein1,36,41,FFPQGF,H,1,7.16,7.13-7.24,6,106,103-112,0.05,0.006,2.38E+05,758.349,n/a,n/a,n/a,n/a,758.376,n/a,n/a,n/a,n/a,0.8924,1.662,1.662,41.557,n/a,n/a,n/a,,High
Unbound,1800.00s,test,protein1,36,41,FFPQGF,H,1,7.16,7.11-7.24,7,106,103-112,0.052,0.004,3.11E+05,758.342,n/a,n/a,n/a,n/a,758.352,n/a,n/a,n/a,n/a,0.9179,1.655,1.655,41.371,n/a,n/a,n/a,,High
Unbound,1800.00s,test,protein1,36,41,FFPQGF,H,1,7.16,7.11-7.24,7,106,103-112,0.054,0.007,2.61E+05,758.337,n/a,n/a,n/a,n/a,758.325,n/a,n/a,n/a,n/a,0.8696,1.65,1.65,41.26,n/a,n/a,n/a,,High
Unbound,7200.00s,test,protein1,36,41,FFPQGF,H,1,7.16,7.13-7.24,6,106,103-112,0.054,-0.005,2.77E+05,758.383,n/a,n/a,n/a,n/a,758.466,n/a,n/a,n/a,n/a,0.8635,1.696,1.696,42.407,n/a,n/a,n/a,,High
Unbound,7200.00s,test,protein1,36,41,FFPQGF,H,1,7.16,7.13-7.24,6,106,103-112,0.046,-0.002,2.45E+05,758.328,n/a,n/a,n/a,n/a,758.311,n/a,n/a,n/a,n/a,0.8605,1.641,1.641,41.019,n/a,n/a,n/a,,High
Unbound,7200.00s,test,protein1,36,41,FFPQGF,H,1,7.16,7.13-7.24,6,106,103-112,0.05,-0.003,2.03E+05,758.374,n/a,n/a,n/a,n/a,758.381,n/a,n/a,n/a,n/a,0.888,1.687,1.687,42.169,n/a,n/a,n/a,,High